category,primarytype,description,severity
DECEPTIVE PRACTICE | FINANCIAL IDENTITY THEFT OVER $ 300,DECEPTIVE PRACTICE,FINANCIAL IDENTITY THEFT OVER $ 300,0.2
CRIM SEXUAL ASSAULT | NON-AGGRAVATED,CRIM SEXUAL ASSAULT,NON-AGGRAVATED,1.0
BURGLARY | UNLAWFUL ENTRY,BURGLARY,UNLAWFUL ENTRY,0.5
THEFT | OVER $500,THEFT,OVER $500,0.2
CRIM SEXUAL ASSAULT | PREDATORY,CRIM SEXUAL ASSAULT,PREDATORY,1.0
OFFENSE INVOLVING CHILDREN | CRIM SEX ABUSE BY FAM MEMBER,OFFENSE INVOLVING CHILDREN,CRIM SEX ABUSE BY FAM MEMBER,1.0
OFFENSE INVOLVING CHILDREN | AGG SEX ASSLT OF CHILD FAM MBR,OFFENSE INVOLVING CHILDREN,AGG SEX ASSLT OF CHILD FAM MBR,1.0
CRIMINAL DAMAGE | TO PROPERTY,CRIMINAL DAMAGE,TO PROPERTY,0.2
OTHER OFFENSE | HARASSMENT BY ELECTRONIC MEANS,OTHER OFFENSE,HARASSMENT BY ELECTRONIC MEANS,0.2
THEFT | $500 AND UNDER,THEFT,$500 AND UNDER,0.2
OFFENSE INVOLVING CHILDREN | AGG CRIM SEX ABUSE FAM MEMBER,OFFENSE INVOLVING CHILDREN,AGG CRIM SEX ABUSE FAM MEMBER,1.0
DECEPTIVE PRACTICE | CREDIT CARD FRAUD,DECEPTIVE PRACTICE,CREDIT CARD FRAUD,0.2
OFFENSE INVOLVING CHILDREN | SEX ASSLT OF CHILD BY FAM MBR,OFFENSE INVOLVING CHILDREN,SEX ASSLT OF CHILD BY FAM MBR,1.0
DECEPTIVE PRACTICE | FINANCIAL IDENTITY THEFT $300 AND UNDER,DECEPTIVE PRACTICE,FINANCIAL IDENTITY THEFT $300 AND UNDER,0.2
THEFT | FROM BUILDING,THEFT,FROM BUILDING,0.2
SEX OFFENSE | AGG CRIMINAL SEXUAL ABUSE,SEX OFFENSE,AGG CRIMINAL SEXUAL ABUSE,1.0
CRIM SEXUAL ASSAULT | ATTEMPT NON-AGGRAVATED,CRIM SEXUAL ASSAULT,ATTEMPT NON-AGGRAVATED,1.0
OFFENSE INVOLVING CHILDREN | CHILD ABUSE,OFFENSE INVOLVING CHILDREN,CHILD ABUSE,1.0
BURGLARY | FORCIBLE ENTRY,BURGLARY,FORCIBLE ENTRY,0.5
SEX OFFENSE | CRIMINAL SEXUAL ABUSE,SEX OFFENSE,CRIMINAL SEXUAL ABUSE,1.0
OFFENSE INVOLVING CHILDREN | CHILD PORNOGRAPHY,OFFENSE INVOLVING CHILDREN,CHILD PORNOGRAPHY,1.0
BATTERY | SIMPLE,BATTERY,SIMPLE,0.5
DECEPTIVE PRACTICE | EMBEZZLEMENT,DECEPTIVE PRACTICE,EMBEZZLEMENT,0.2
ASSAULT | SIMPLE,ASSAULT,SIMPLE,0.5
CRIM SEXUAL ASSAULT | AGGRAVATED: OTHER,CRIM SEXUAL ASSAULT,AGGRAVATED: OTHER,1.0
OTHER OFFENSE | HARASSMENT BY TELEPHONE,OTHER OFFENSE,HARASSMENT BY TELEPHONE,0.2
OTHER OFFENSE | TELEPHONE THREAT,OTHER OFFENSE,TELEPHONE THREAT,0.2
NARCOTICS | MANU/DELIVER:CRACK,NARCOTICS,MANU/DELIVER:CRACK,1.0
NARCOTICS | MANU/DEL:CANNABIS 10GM OR LESS,NARCOTICS,MANU/DEL:CANNABIS 10GM OR LESS,1.0
THEFT | POCKET-PICKING,THEFT,POCKET-PICKING,0.5
NARCOTICS | POSS: CANNABIS MORE THAN 30GMS,NARCOTICS,POSS: CANNABIS MORE THAN 30GMS,0.5
DECEPTIVE PRACTICE | INSURANCE FRAUD,DECEPTIVE PRACTICE,INSURANCE FRAUD,0.2
NARCOTICS | CRIMINAL DRUG CONSPIRACY,NARCOTICS,CRIMINAL DRUG CONSPIRACY,1.0
NARCOTICS | POSS: CRACK,NARCOTICS,POSS: CRACK,0.5
DECEPTIVE PRACTICE | FORGERY,DECEPTIVE PRACTICE,FORGERY,0.2
DECEPTIVE PRACTICE | ATTEMPT - FINANCIAL IDENTITY THEFT,DECEPTIVE PRACTICE,ATTEMPT - FINANCIAL IDENTITY THEFT,0.2
DECEPTIVE PRACTICE | ILLEGAL USE CASH CARD,DECEPTIVE PRACTICE,ILLEGAL USE CASH CARD,0.2
DECEPTIVE PRACTICE | THEFT OF LABOR/SERVICES,DECEPTIVE PRACTICE,THEFT OF LABOR/SERVICES,0.2
DECEPTIVE PRACTICE | FRAUD OR CONFIDENCE GAME,DECEPTIVE PRACTICE,FRAUD OR CONFIDENCE GAME,0.2
NARCOTICS | FOUND SUSPECT NARCOTICS,NARCOTICS,FOUND SUSPECT NARCOTICS,0.5
OTHER OFFENSE | OTHER VEHICLE OFFENSE,OTHER OFFENSE,OTHER VEHICLE OFFENSE,0.2
MOTOR VEHICLE THEFT | AUTOMOBILE,MOTOR VEHICLE THEFT,AUTOMOBILE,1.0
ROBBERY | ARMED: HANDGUN,ROBBERY,ARMED: HANDGUN,1.0
OTHER OFFENSE | SEX OFFENDER: FAIL TO REGISTER,OTHER OFFENSE,SEX OFFENDER: FAIL TO REGISTER,1.0
CRIMINAL DAMAGE | TO VEHICLE,CRIMINAL DAMAGE,TO VEHICLE,0.2
ROBBERY | AGGRAVATED,ROBBERY,AGGRAVATED,1.0
OTHER OFFENSE | SEX OFFENDER: FAIL REG NEW ADD,OTHER OFFENSE,SEX OFFENDER: FAIL REG NEW ADD,1.0
OFFENSE INVOLVING CHILDREN | ENDANGERING LIFE/HEALTH CHILD,OFFENSE INVOLVING CHILDREN,ENDANGERING LIFE/HEALTH CHILD,1.0
THEFT | RETAIL THEFT,THEFT,RETAIL THEFT,0.2
NARCOTICS | FORFEIT PROPERTY,NARCOTICS,FORFEIT PROPERTY,0.5
CRIMINAL TRESPASS | TO LAND,CRIMINAL TRESPASS,TO LAND,0.5
DECEPTIVE PRACTICE | STOLEN PROP: BUY/RECEIVE/POS.,DECEPTIVE PRACTICE,STOLEN PROP: BUY/RECEIVE/POS.,0.2
"DECEPTIVE PRACTICE | THEFT BY LESSEE,MOTOR VEH",DECEPTIVE PRACTICE,"THEFT BY LESSEE,MOTOR VEH",0.2
DECEPTIVE PRACTICE | COUNTERFEIT CHECK,DECEPTIVE PRACTICE,COUNTERFEIT CHECK,0.2
SEX OFFENSE | SEXUAL EXPLOITATION OF A CHILD,SEX OFFENSE,SEXUAL EXPLOITATION OF A CHILD,1.0
NARCOTICS | POSS: COCAINE,NARCOTICS,POSS: COCAINE,0.5
ROBBERY | STRONGARM - NO WEAPON,ROBBERY,STRONGARM - NO WEAPON,0.5
WEAPONS VIOLATION | UNLAWFUL POSS OF HANDGUN,WEAPONS VIOLATION,UNLAWFUL POSS OF HANDGUN,0.5
NARCOTICS | POSS: METHAMPHETAMINES,NARCOTICS,POSS: METHAMPHETAMINES,0.5
OTHER OFFENSE | OTHER CRIME INVOLVING PROPERTY,OTHER OFFENSE,OTHER CRIME INVOLVING PROPERTY,0.2
CRIMINAL DAMAGE | CRIMINAL DEFACEMENT,CRIMINAL DAMAGE,CRIMINAL DEFACEMENT,0.2
OTHER OFFENSE | VIOLATE ORDER OF PROTECTION,OTHER OFFENSE,VIOLATE ORDER OF PROTECTION,0.2
DECEPTIVE PRACTICE | AGGRAVATED FINANCIAL IDENTITY THEFT,DECEPTIVE PRACTICE,AGGRAVATED FINANCIAL IDENTITY THEFT,0.2
CRIMINAL TRESPASS | TO VEHICLE,CRIMINAL TRESPASS,TO VEHICLE,0.5
BATTERY | AGGRAVATED: HANDGUN,BATTERY,AGGRAVATED: HANDGUN,1.0
NARCOTICS | POSS: HEROIN(WHITE),NARCOTICS,POSS: HEROIN(WHITE),0.5
NARCOTICS | MANU/DELIVER: HEROIN (WHITE),NARCOTICS,MANU/DELIVER: HEROIN (WHITE),1.0
DECEPTIVE PRACTICE | FINAN EXPLOIT-ELDERLY/DISABLED,DECEPTIVE PRACTICE,FINAN EXPLOIT-ELDERLY/DISABLED,0.2
THEFT | PURSE-SNATCHING,THEFT,PURSE-SNATCHING,0.5
OTHER OFFENSE | OTHER CRIME AGAINST PERSON,OTHER OFFENSE,OTHER CRIME AGAINST PERSON,0.2
BATTERY | AGGRAVATED OF A CHILD,BATTERY,AGGRAVATED OF A CHILD,1.0
DECEPTIVE PRACTICE | COUNTERFEITING DOCUMENT,DECEPTIVE PRACTICE,COUNTERFEITING DOCUMENT,0.2
BATTERY | DOMESTIC BATTERY SIMPLE,BATTERY,DOMESTIC BATTERY SIMPLE,0.5
OFFENSE INVOLVING CHILDREN | OTHER OFFENSE,OFFENSE INVOLVING CHILDREN,OTHER OFFENSE,1.0
SEX OFFENSE | OTHER,SEX OFFENSE,OTHER,0.2
NARCOTICS | POSS: CANNABIS 30GMS OR LESS,NARCOTICS,POSS: CANNABIS 30GMS OR LESS,0.5
SEX OFFENSE | ATT AGG CRIMINAL SEXUAL ABUSE,SEX OFFENSE,ATT AGG CRIMINAL SEXUAL ABUSE,1.0
DECEPTIVE PRACTICE | BOGUS CHECK,DECEPTIVE PRACTICE,BOGUS CHECK,0.2
ASSAULT | AGGRAVATED: HANDGUN,ASSAULT,AGGRAVATED: HANDGUN,1.0
SEX OFFENSE | ATT CRIM SEXUAL ABUSE,SEX OFFENSE,ATT CRIM SEXUAL ABUSE,1.0
BATTERY | AGGRAVATED DOMESTIC BATTERY: KNIFE/CUTTING INST,BATTERY,AGGRAVATED DOMESTIC BATTERY: KNIFE/CUTTING INST,0.5
SEX OFFENSE | INDECENT SOLICITATION/CHILD,SEX OFFENSE,INDECENT SOLICITATION/CHILD,1.0
DECEPTIVE PRACTICE | UNAUTHORIZED VIDEOTAPING,DECEPTIVE PRACTICE,UNAUTHORIZED VIDEOTAPING,0.2
OTHER OFFENSE | OTHER WEAPONS VIOLATION,OTHER OFFENSE,OTHER WEAPONS VIOLATION,0.2
OBSCENITY | OBSCENE MATTER,OBSCENITY,OBSCENE MATTER,0.5
NARCOTICS | MANU/DELIVER: HALLUCINOGEN,NARCOTICS,MANU/DELIVER: HALLUCINOGEN,1.0
OBSCENITY | SALE/DIST OBSCENE MAT TO MINOR,OBSCENITY,SALE/DIST OBSCENE MAT TO MINOR,0.5
CRIMINAL TRESPASS | TO RESIDENCE,CRIMINAL TRESPASS,TO RESIDENCE,1.0
OTHER OFFENSE | GUN OFFENDER: DUTY TO REGISTER,OTHER OFFENSE,GUN OFFENDER: DUTY TO REGISTER,1.0
SEX OFFENSE | CRIMINAL TRANSMISSION OF HIV,SEX OFFENSE,CRIMINAL TRANSMISSION OF HIV,1.0
NARCOTICS | MANU/DELIVER:COCAINE,NARCOTICS,MANU/DELIVER:COCAINE,1.0
LIQUOR LAW VIOLATION | SELL/GIVE/DEL LIQUOR TO MINOR,LIQUOR LAW VIOLATION,SELL/GIVE/DEL LIQUOR TO MINOR,1.0
PROSTITUTION | SOLICIT FOR BUSINESS,PROSTITUTION,SOLICIT FOR BUSINESS,1.0
"MOTOR VEHICLE THEFT | CYCLE, SCOOTER, BIKE W-VIN",MOTOR VEHICLE THEFT,"CYCLE, SCOOTER, BIKE W-VIN",0.2
LIQUOR LAW VIOLATION | LIQUOR LICENSE VIOLATION,LIQUOR LAW VIOLATION,LIQUOR LICENSE VIOLATION,0.2
NARCOTICS | MANU/DEL:CANNABIS OVER 10 GMS,NARCOTICS,MANU/DEL:CANNABIS OVER 10 GMS,1.0
NON-CRIMINAL | LOST PASSPORT,NON-CRIMINAL,LOST PASSPORT,0.2
CRIM SEXUAL ASSAULT | AGGRAVATED: HANDGUN,CRIM SEXUAL ASSAULT,AGGRAVATED: HANDGUN,1.0
ASSAULT | AGGRAVATED: OTHER DANG WEAPON,ASSAULT,AGGRAVATED: OTHER DANG WEAPON,1.0
DECEPTIVE PRACTICE | IMPERSONATION,DECEPTIVE PRACTICE,IMPERSONATION,0.2
BATTERY | AGGRAVATED DOMESTIC BATTERY: HANDS/FIST/FEET SERIOUS INJURY,BATTERY,AGGRAVATED DOMESTIC BATTERY: HANDS/FIST/FEET SERIOUS INJURY,0.5
OTHER OFFENSE | EAVESDROPPING,OTHER OFFENSE,EAVESDROPPING,0.2
MOTOR VEHICLE THEFT | THEFT/RECOVERY: AUTOMOBILE,MOTOR VEHICLE THEFT,THEFT/RECOVERY: AUTOMOBILE,1.0
OTHER OFFENSE | OBSCENE TELEPHONE CALLS,OTHER OFFENSE,OBSCENE TELEPHONE CALLS,0.2
THEFT | DELIVERY CONTAINER THEFT,THEFT,DELIVERY CONTAINER THEFT,0.2
CRIM SEXUAL ASSAULT | AGGRAVATED: KNIFE/CUT INSTR,CRIM SEXUAL ASSAULT,AGGRAVATED: KNIFE/CUT INSTR,1.0
OTHER OFFENSE | VEHICLE TITLE/REG OFFENSE,OTHER OFFENSE,VEHICLE TITLE/REG OFFENSE,0.2
PUBLIC PEACE VIOLATION | RECKLESS CONDUCT,PUBLIC PEACE VIOLATION,RECKLESS CONDUCT,1.0
DECEPTIVE PRACTICE | DECEPTIVE COLLECTION PRACTICES,DECEPTIVE PRACTICE,DECEPTIVE COLLECTION PRACTICES,0.2
OTHER OFFENSE | LICENSE VIOLATION,OTHER OFFENSE,LICENSE VIOLATION,0.2
WEAPONS VIOLATION | UNLAWFUL POSS AMMUNITION,WEAPONS VIOLATION,UNLAWFUL POSS AMMUNITION,0.5
DECEPTIVE PRACTICE | PAY TV SERVICE OFFENSES,DECEPTIVE PRACTICE,PAY TV SERVICE OFFENSES,0.2
PROSTITUTION | SOLICIT ON PUBLIC WAY,PROSTITUTION,SOLICIT ON PUBLIC WAY,1.0
"DECEPTIVE PRACTICE | THEFT BY LESSEE,NON-VEH",DECEPTIVE PRACTICE,"THEFT BY LESSEE,NON-VEH",0.2
INTIMIDATION | INTIMIDATION,INTIMIDATION,INTIMIDATION,0.5
CRIMINAL TRESPASS | TO STATE SUP LAND,CRIMINAL TRESPASS,TO STATE SUP LAND,0.5
NARCOTICS | POSS: BARBITUATES,NARCOTICS,POSS: BARBITUATES,0.5
WEAPONS VIOLATION | UNLAWFUL USE OTHER FIREARM,WEAPONS VIOLATION,UNLAWFUL USE OTHER FIREARM,1.0
ARSON | BY FIRE,ARSON,BY FIRE,1.0
ROBBERY | ARMED:KNIFE/CUTTING INSTRUMENT,ROBBERY,ARMED:KNIFE/CUTTING INSTRUMENT,1.0
ASSAULT | AGGRAVATED:KNIFE/CUTTING INSTR,ASSAULT,AGGRAVATED:KNIFE/CUTTING INSTR,1.0
BURGLARY | ATTEMPT FORCIBLE ENTRY,BURGLARY,ATTEMPT FORCIBLE ENTRY,0.5
ASSAULT | AGGRAVATED: OTHER FIREARM,ASSAULT,AGGRAVATED: OTHER FIREARM,1.0
BATTERY | AGGRAVATED: OTHER DANG WEAPON,BATTERY,AGGRAVATED: OTHER DANG WEAPON,1.0
LIQUOR LAW VIOLATION | ILLEGAL CONSUMPTION BY MINOR,LIQUOR LAW VIOLATION,ILLEGAL CONSUMPTION BY MINOR,1.0
ROBBERY | ATTEMPT: ARMED-KNIFE/CUT INSTR,ROBBERY,ATTEMPT: ARMED-KNIFE/CUT INSTR,1.0
NARCOTICS | POSS: SYNTHETIC DRUGS,NARCOTICS,POSS: SYNTHETIC DRUGS,0.5
ROBBERY | ATTEMPT: ARMED-HANDGUN,ROBBERY,ATTEMPT: ARMED-HANDGUN,1.0
ROBBERY | ATTEMPT: STRONGARM-NO WEAPON,ROBBERY,ATTEMPT: STRONGARM-NO WEAPON,0.5
"MOTOR VEHICLE THEFT | TRUCK, BUS, MOTOR HOME",MOTOR VEHICLE THEFT,"TRUCK, BUS, MOTOR HOME",0.2
MOTOR VEHICLE THEFT | ATT: AUTOMOBILE,MOTOR VEHICLE THEFT,ATT: AUTOMOBILE,1.0
ASSAULT | AGG PO HANDS NO/MIN INJURY,ASSAULT,AGG PO HANDS NO/MIN INJURY,1.0
NARCOTICS | SALE/DEL HYPODERMIC NEEDLE,NARCOTICS,SALE/DEL HYPODERMIC NEEDLE,1.0
ROBBERY | AGGRAVATED VEHICULAR HIJACKING,ROBBERY,AGGRAVATED VEHICULAR HIJACKING,1.0
NARCOTICS | POSS: PCP,NARCOTICS,POSS: PCP,0.5
PUBLIC PEACE VIOLATION | BOMB THREAT,PUBLIC PEACE VIOLATION,BOMB THREAT,1.0
BATTERY | AGGRAVATED:KNIFE/CUTTING INSTR,BATTERY,AGGRAVATED:KNIFE/CUTTING INSTR,1.0
NARCOTICS | POSS: HEROIN(BRN/TAN),NARCOTICS,POSS: HEROIN(BRN/TAN),0.5
ROBBERY | ATTEMPT: ARMED-OTHER FIREARM,ROBBERY,ATTEMPT: ARMED-OTHER FIREARM,1.0
ROBBERY | ARMED: OTHER DANGEROUS WEAPON,ROBBERY,ARMED: OTHER DANGEROUS WEAPON,1.0
CRIMINAL DAMAGE | TO STATE SUP PROP,CRIMINAL DAMAGE,TO STATE SUP PROP,0.2
BATTERY | AGG: HANDS/FIST/FEET NO/MINOR INJURY,BATTERY,AGG: HANDS/FIST/FEET NO/MINOR INJURY,1.0
DECEPTIVE PRACTICE | THEFT OF LOST/MISLAID PROP,DECEPTIVE PRACTICE,THEFT OF LOST/MISLAID PROP,0.2
ASSAULT | PRO EMP HANDS NO/MIN INJURY,ASSAULT,PRO EMP HANDS NO/MIN INJURY,0.5
BATTERY | AGGRAVATED: OTHER FIREARM,BATTERY,AGGRAVATED: OTHER FIREARM,1.0
NARCOTICS | SOLICIT NARCOTICS ON PUBLICWAY,NARCOTICS,SOLICIT NARCOTICS ON PUBLICWAY,0.5
THEFT | FINANCIAL ID THEFT:$300 &UNDER,THEFT,FINANCIAL ID THEFT:$300 &UNDER,0.2
PROSTITUTION | PATRONIZING A PROSTITUTE,PROSTITUTION,PATRONIZING A PROSTITUTE,1.0
SEX OFFENSE | PUBLIC INDECENCY,SEX OFFENSE,PUBLIC INDECENCY,1.0
NARCOTICS | POS: HYPODERMIC NEEDLE,NARCOTICS,POS: HYPODERMIC NEEDLE,0.5
INTERFERENCE WITH PUBLIC OFFICER | INTERFERENCE JUDICIAL PROCESS,INTERFERENCE WITH PUBLIC OFFICER,INTERFERENCE JUDICIAL PROCESS,0.2
NARCOTICS | ALTER/FORGE PRESCRIPTION,NARCOTICS,ALTER/FORGE PRESCRIPTION,0.5
GAMBLING | GAME/AMUSEMENT DEVICE,GAMBLING,GAME/AMUSEMENT DEVICE,0.2
BATTERY | PRO EMP HANDS NO/MIN INJURY,BATTERY,PRO EMP HANDS NO/MIN INJURY,0.5
THEFT | FINANCIAL ID THEFT: OVER $300,THEFT,FINANCIAL ID THEFT: OVER $300,0.2
THEFT | ATTEMPT THEFT,THEFT,ATTEMPT THEFT,0.2
STALKING | SIMPLE,STALKING,SIMPLE,0.2
NARCOTICS | ATTEMPT POSSESSION NARCOTICS,NARCOTICS,ATTEMPT POSSESSION NARCOTICS,0.5
WEAPONS VIOLATION | UNLAWFUL USE/SALE AIR RIFLE,WEAPONS VIOLATION,UNLAWFUL USE/SALE AIR RIFLE,1.0
GAMBLING | GAME/DICE,GAMBLING,GAME/DICE,0.2
OTHER OFFENSE | ANIMAL ABUSE/NEGLECT,OTHER OFFENSE,ANIMAL ABUSE/NEGLECT,0.2
BATTERY | AGGRAVATED OF A SENIOR CITIZEN,BATTERY,AGGRAVATED OF A SENIOR CITIZEN,1.0
WEAPONS VIOLATION | POSS FIREARM/AMMO:NO FOID CARD,WEAPONS VIOLATION,POSS FIREARM/AMMO:NO FOID CARD,0.5
KIDNAPPING | UNLAWFUL RESTRAINT,KIDNAPPING,UNLAWFUL RESTRAINT,1.0
"MOTOR VEHICLE THEFT | ATT: TRUCK, BUS, MOTOR HOME",MOTOR VEHICLE THEFT,"ATT: TRUCK, BUS, MOTOR HOME",0.2
OTHER OFFENSE | FALSE/STOLEN/ALTERED TRP,OTHER OFFENSE,FALSE/STOLEN/ALTERED TRP,0.2
BATTERY | AGGRAVATED DOMESTIC BATTERY,BATTERY,AGGRAVATED DOMESTIC BATTERY,0.5
NARCOTICS | POSS: HALLUCINOGENS,NARCOTICS,POSS: HALLUCINOGENS,0.5
SEX OFFENSE | FORNICATION,SEX OFFENSE,FORNICATION,0.2
NARCOTICS | MANU/DELIVER:BARBITUATES,NARCOTICS,MANU/DELIVER:BARBITUATES,1.0
KIDNAPPING | CHILD ABDUCTION/STRANGER,KIDNAPPING,CHILD ABDUCTION/STRANGER,1.0
OFFENSE INVOLVING CHILDREN | CONTRIBUTE DELINQUENCY OF A CHILD,OFFENSE INVOLVING CHILDREN,CONTRIBUTE DELINQUENCY OF A CHILD,1.0
ARSON | ATTEMPT ARSON,ARSON,ATTEMPT ARSON,1.0
CRIMINAL DAMAGE | TO CITY OF CHICAGO PROPERTY,CRIMINAL DAMAGE,TO CITY OF CHICAGO PROPERTY,0.2
NARCOTICS | ATTEMPT POSSESSION CANNABIS,NARCOTICS,ATTEMPT POSSESSION CANNABIS,0.5
BATTERY | AGG PRO.EMP: OTHER DANG WEAPON,BATTERY,AGG PRO.EMP: OTHER DANG WEAPON,1.0
BATTERY | AGG PRO.EMP:KNIFE/CUTTING INST,BATTERY,AGG PRO.EMP:KNIFE/CUTTING INST,1.0
DECEPTIVE PRACTICE | UNLAWFUL USE OF RECORDED SOUND,DECEPTIVE PRACTICE,UNLAWFUL USE OF RECORDED SOUND,0.2
DECEPTIVE PRACTICE | UNIDENTIFIABLE RECORDING SOUND,DECEPTIVE PRACTICE,UNIDENTIFIABLE RECORDING SOUND,0.2
NARCOTICS | POSS: HEROIN(BLACK TAR),NARCOTICS,POSS: HEROIN(BLACK TAR),0.5
NARCOTICS | POSSESSION OF DRUG EQUIPMENT,NARCOTICS,POSSESSION OF DRUG EQUIPMENT,0.5
BATTERY | AGG PO HANDS NO/MIN INJURY,BATTERY,AGG PO HANDS NO/MIN INJURY,1.0
OTHER OFFENSE | SEX OFFENDER: PROHIBITED ZONE,OTHER OFFENSE,SEX OFFENDER: PROHIBITED ZONE,1.0
OTHER OFFENSE | POSSESSION OF BURGLARY TOOLS,OTHER OFFENSE,POSSESSION OF BURGLARY TOOLS,0.2
INTERFERENCE WITH PUBLIC OFFICER | BRIBERY,INTERFERENCE WITH PUBLIC OFFICER,BRIBERY,0.2
WEAPONS VIOLATION | RECKLESS FIREARM DISCHARGE,WEAPONS VIOLATION,RECKLESS FIREARM DISCHARGE,0.5
INTERFERENCE WITH PUBLIC OFFICER | RESIST/OBSTRUCT/DISARM OFFICER,INTERFERENCE WITH PUBLIC OFFICER,RESIST/OBSTRUCT/DISARM OFFICER,1.0
PUBLIC PEACE VIOLATION | FALSE POLICE REPORT,PUBLIC PEACE VIOLATION,FALSE POLICE REPORT,0.5
WEAPONS VIOLATION | UNLAWFUL USE OTHER DANG WEAPON,WEAPONS VIOLATION,UNLAWFUL USE OTHER DANG WEAPON,1.0
THEFT | AGG: FINANCIAL ID THEFT,THEFT,AGG: FINANCIAL ID THEFT,0.2
"MOTOR VEHICLE THEFT | THEFT/RECOVERY: TRUCK,BUS,MHOME",MOTOR VEHICLE THEFT,"THEFT/RECOVERY: TRUCK,BUS,MHOME",0.2
INTERFERENCE WITH PUBLIC OFFICER | OFFICIAL MISCONDUCT,INTERFERENCE WITH PUBLIC OFFICER,OFFICIAL MISCONDUCT,0.2
OTHER OFFENSE | COMPOUNDING A CRIME,OTHER OFFENSE,COMPOUNDING A CRIME,0.2
OTHER OFFENSE | MONEY LAUNDERING,OTHER OFFENSE,MONEY LAUNDERING,0.2
NARCOTICS | MANU/DELIVER: HEROIN(BRN/TAN),NARCOTICS,MANU/DELIVER: HEROIN(BRN/TAN),1.0
CRIM SEXUAL ASSAULT | ATTEMPT AGG: OTHER,CRIM SEXUAL ASSAULT,ATTEMPT AGG: OTHER,1.0
DECEPTIVE PRACTICE | COMPUTER FRAUD,DECEPTIVE PRACTICE,COMPUTER FRAUD,0.2
LIQUOR LAW VIOLATION | ILLEGAL POSSESSION BY MINOR,LIQUOR LAW VIOLATION,ILLEGAL POSSESSION BY MINOR,1.0
THEFT | ATTEMPT FINANCIAL IDENTITY THEFT,THEFT,ATTEMPT FINANCIAL IDENTITY THEFT,0.2
BATTERY | AGGRAVATED DOMESTIC BATTERY: OTHER DANG WEAPON,BATTERY,AGGRAVATED DOMESTIC BATTERY: OTHER DANG WEAPON,0.5
OFFENSE INVOLVING CHILDREN | CHILD ABANDONMENT,OFFENSE INVOLVING CHILDREN,CHILD ABANDONMENT,1.0
OTHER OFFENSE | PROBATION VIOLATION,OTHER OFFENSE,PROBATION VIOLATION,0.2
OFFENSE INVOLVING CHILDREN | CHILD ABDUCTION,OFFENSE INVOLVING CHILDREN,CHILD ABDUCTION,1.0
PROSTITUTION | SOLICIT OFF PUBLIC WAY,PROSTITUTION,SOLICIT OFF PUBLIC WAY,1.0
CRIMINAL DAMAGE | INSTITUTIONAL VANDALISM,CRIMINAL DAMAGE,INSTITUTIONAL VANDALISM,0.2
PROSTITUTION | CALL OPERATION,PROSTITUTION,CALL OPERATION,1.0
PROSTITUTION | IN TAVERN,PROSTITUTION,IN TAVERN,1.0
ROBBERY | ATTEMPT: AGGRAVATED,ROBBERY,ATTEMPT: AGGRAVATED,1.0
BATTERY | AGGRAVATED PO: OTHER DANG WEAP,BATTERY,AGGRAVATED PO: OTHER DANG WEAP,1.0
INTERFERENCE WITH PUBLIC OFFICER | OBSTRUCTING JUSTICE,INTERFERENCE WITH PUBLIC OFFICER,OBSTRUCTING JUSTICE,1.0
INTIMIDATION | EXTORTION,INTIMIDATION,EXTORTION,0.5
WEAPONS VIOLATION | UNLAWFUL SALE HANDGUN,WEAPONS VIOLATION,UNLAWFUL SALE HANDGUN,1.0
WEAPONS VIOLATION | UNLAWFUL SALE OTHER FIREARM,WEAPONS VIOLATION,UNLAWFUL SALE OTHER FIREARM,1.0
NARCOTICS | MANU/DELIVER:PCP,NARCOTICS,MANU/DELIVER:PCP,1.0
DECEPTIVE PRACTICE | UNLAWFUL USE OF A COMPUTER,DECEPTIVE PRACTICE,UNLAWFUL USE OF A COMPUTER,0.2
SEX OFFENSE | BIGAMY,SEX OFFENSE,BIGAMY,0.2
OTHER OFFENSE | PAROLE VIOLATION,OTHER OFFENSE,PAROLE VIOLATION,1.0
ARSON | AGGRAVATED,ARSON,AGGRAVATED,1.0
ROBBERY | VEHICULAR HIJACKING,ROBBERY,VEHICULAR HIJACKING,0.5
WEAPONS VIOLATION | UNLAWFUL POSS OTHER FIREARM,WEAPONS VIOLATION,UNLAWFUL POSS OTHER FIREARM,0.5
WEAPONS VIOLATION | UNLAWFUL USE HANDGUN,WEAPONS VIOLATION,UNLAWFUL USE HANDGUN,1.0
DECEPTIVE PRACTICE | ILLEGAL POSSESSION CASH CARD,DECEPTIVE PRACTICE,ILLEGAL POSSESSION CASH CARD,0.2
ROBBERY | ARMED: OTHER FIREARM,ROBBERY,ARMED: OTHER FIREARM,1.0
GAMBLING | OTHER,GAMBLING,OTHER,0.2
CRIMINAL DAMAGE | TO FIRE FIGHT.APP.EQUIP,CRIMINAL DAMAGE,TO FIRE FIGHT.APP.EQUIP,0.2
PUBLIC PEACE VIOLATION | MOB ACTION,PUBLIC PEACE VIOLATION,MOB ACTION,1.0
ROBBERY | ATTEMPT: ARMED-OTHER DANG WEAP,ROBBERY,ATTEMPT: ARMED-OTHER DANG WEAP,1.0
ASSAULT | AGGRAVATED PO: HANDGUN,ASSAULT,AGGRAVATED PO: HANDGUN,1.0
PUBLIC PEACE VIOLATION | ARSON THREAT,PUBLIC PEACE VIOLATION,ARSON THREAT,1.0
"MOTOR VEHICLE THEFT | THEFT/RECOVERY: CYCLE, SCOOTER, BIKE W-VIN",MOTOR VEHICLE THEFT,"THEFT/RECOVERY: CYCLE, SCOOTER, BIKE W-VIN",0.2
NARCOTICS | CANNABIS PLANT,NARCOTICS,CANNABIS PLANT,0.5
THEFT | FROM COIN-OP MACHINE/DEVICE,THEFT,FROM COIN-OP MACHINE/DEVICE,0.2
OTHER OFFENSE | VIO BAIL BOND: DOM VIOLENCE,OTHER OFFENSE,VIO BAIL BOND: DOM VIOLENCE,0.2
KIDNAPPING | AGGRAVATED,KIDNAPPING,AGGRAVATED,1.0
CRIMINAL TRESPASS | TO AIRPORT,CRIMINAL TRESPASS,TO AIRPORT,0.5
BATTERY | AGGRAVATED DOMESTIC BATTERY: OTHER FIREARM,BATTERY,AGGRAVATED DOMESTIC BATTERY: OTHER FIREARM,0.5
INTIMIDATION | COMPELLING ORG MEMBERSHIP,INTIMIDATION,COMPELLING ORG MEMBERSHIP,0.5
ASSAULT | AGGRAVATED PO: OTHER DANG WEAP,ASSAULT,AGGRAVATED PO: OTHER DANG WEAP,1.0
BATTERY | AGG: HANDS/FIST/FEET SERIOUS INJURY,BATTERY,AGG: HANDS/FIST/FEET SERIOUS INJURY,1.0
KIDNAPPING | UNLAWFUL INTERFERE/VISITATION,KIDNAPPING,UNLAWFUL INTERFERE/VISITATION,1.0
ASSAULT | AGG PRO.EMP: HANDGUN,ASSAULT,AGG PRO.EMP: HANDGUN,1.0
OTHER NARCOTIC VIOLATION | INTOXICATING COMPOUNDS,OTHER NARCOTIC VIOLATION,INTOXICATING COMPOUNDS,0.5
NARCOTICS | MANU/DELIVER:SYNTHETIC DRUGS,NARCOTICS,MANU/DELIVER:SYNTHETIC DRUGS,1.0
PROSTITUTION | KEEP PLACE OF PROSTITUTION,PROSTITUTION,KEEP PLACE OF PROSTITUTION,1.0
BURGLARY | HOME INVASION,BURGLARY,HOME INVASION,1.0
NARCOTICS | SALE/DEL DRUG PARAPHERNALIA,NARCOTICS,SALE/DEL DRUG PARAPHERNALIA,1.0
KIDNAPPING | KIDNAPPING,KIDNAPPING,KIDNAPPING,1.0
GAMBLING | LOTTERY/PARI-MUTUEL,GAMBLING,LOTTERY/PARI-MUTUEL,0.2
INTERFERENCE WITH PUBLIC OFFICER | OBSTRUCTING IDENTIFICATION,INTERFERENCE WITH PUBLIC OFFICER,OBSTRUCTING IDENTIFICATION,1.0
PROSTITUTION | OTHER PROSTITUTION OFFENSE,PROSTITUTION,OTHER PROSTITUTION OFFENSE,1.0
SEX OFFENSE | SEX RELATION IN FAMILY,SEX OFFENSE,SEX RELATION IN FAMILY,0.2
NARCOTICS | MANU/DELIVER:LOOK-ALIKE DRUG,NARCOTICS,MANU/DELIVER:LOOK-ALIKE DRUG,1.0
OTHER OFFENSE | VIOLENT OFFENDER: ANNUAL REGISTRATION,OTHER OFFENSE,VIOLENT OFFENDER: ANNUAL REGISTRATION,0.2
NARCOTICS | MANU/POSS. W/INTENT TO DELIVER: SYNTHETIC MARIJUANA,NARCOTICS,MANU/POSS. W/INTENT TO DELIVER: SYNTHETIC MARIJUANA,1.0
OTHER OFFENSE | TAMPER WITH MOTOR VEHICLE,OTHER OFFENSE,TAMPER WITH MOTOR VEHICLE,0.2
HOMICIDE | FIRST DEGREE MURDER,HOMICIDE,FIRST DEGREE MURDER,1.0
PUBLIC PEACE VIOLATION | OTHER VIOLATION,PUBLIC PEACE VIOLATION,OTHER VIOLATION,0.5
STALKING | VIOLATION OF STALKING NO CONTACT ORDER,STALKING,VIOLATION OF STALKING NO CONTACT ORDER,0.2
NARCOTICS | MANU/DELIVER:AMPHETAMINES,NARCOTICS,MANU/DELIVER:AMPHETAMINES,1.0
NARCOTICS | MANU/DELIVER: METHAMPHETAMINES,NARCOTICS,MANU/DELIVER: METHAMPHETAMINES,1.0
SEX OFFENSE | INDECENT SOLICITATION/ADULT,SEX OFFENSE,INDECENT SOLICITATION/ADULT,1.0
CONCEALED CARRY LICENSE VIOLATION | PROHIBITED PLACES,CONCEALED CARRY LICENSE VIOLATION,PROHIBITED PLACES,0.5
BATTERY | AGGRAVATED PO: HANDGUN,BATTERY,AGGRAVATED PO: HANDGUN,1.0
OBSCENITY | OBSCENITY,OBSCENITY,OBSCENITY,0.5
STALKING | CYBERSTALKING,STALKING,CYBERSTALKING,0.2
DECEPTIVE PRACTICE | LIBRARY THEFT,DECEPTIVE PRACTICE,LIBRARY THEFT,0.2
GAMBLING | WIREROOM/HORSES,GAMBLING,WIREROOM/HORSES,0.2
NARCOTICS | POSS: AMPHETAMINES,NARCOTICS,POSS: AMPHETAMINES,0.5
GAMBLING | BOOKMAKING/SPORTS,GAMBLING,BOOKMAKING/SPORTS,0.2
PUBLIC PEACE VIOLATION | INTERFERE W/ EMERGENCY EQUIP,PUBLIC PEACE VIOLATION,INTERFERE W/ EMERGENCY EQUIP,0.5
OTHER OFFENSE | FIREARM REGISTRATION VIOLATION,OTHER OFFENSE,FIREARM REGISTRATION VIOLATION,0.2
OTHER OFFENSE | VIOLATION OF CIVIL NO CONTACT ORDER,OTHER OFFENSE,VIOLATION OF CIVIL NO CONTACT ORDER,0.2
PROSTITUTION | PIMPING,PROSTITUTION,PIMPING,1.0
INTERFERENCE WITH PUBLIC OFFICER | ESCAPE,INTERFERENCE WITH PUBLIC OFFICER,ESCAPE,0.2
PROSTITUTION | SOLICIT FOR PROSTITUTE,PROSTITUTION,SOLICIT FOR PROSTITUTE,1.0
NARCOTICS | FAILURE TO KEEP HYPO RECORDS,NARCOTICS,FAILURE TO KEEP HYPO RECORDS,0.5
BATTERY | AGG PO HANDS ETC SERIOUS INJ,BATTERY,AGG PO HANDS ETC SERIOUS INJ,1.0
CRIM SEXUAL ASSAULT | AGGRAVATED: OTHER DANG WEAPON,CRIM SEXUAL ASSAULT,AGGRAVATED: OTHER DANG WEAPON,1.0
OFFENSE INVOLVING CHILDREN | HARBOR RUNAWAY,OFFENSE INVOLVING CHILDREN,HARBOR RUNAWAY,1.0
OTHER OFFENSE | ANIMAL FIGHTING,OTHER OFFENSE,ANIMAL FIGHTING,0.2
PUBLIC PEACE VIOLATION | FALSE FIRE ALARM,PUBLIC PEACE VIOLATION,FALSE FIRE ALARM,0.5
NARCOTICS | DEL CONT SUBS TO PERSON <18,NARCOTICS,DEL CONT SUBS TO PERSON <18,1.0
NON-CRIMINAL | FOID - REVOCATION,NON-CRIMINAL,FOID - REVOCATION,0.2
PUBLIC PEACE VIOLATION | PEEPING TOM,PUBLIC PEACE VIOLATION,PEEPING TOM,0.5
"MOTOR VEHICLE THEFT | THEFT/RECOVERY: CYCLE, SCOOTER, BIKE NO VIN",MOTOR VEHICLE THEFT,"THEFT/RECOVERY: CYCLE, SCOOTER, BIKE NO VIN",0.2
"MOTOR VEHICLE THEFT | ATTEMPT: CYCLE, SCOOTER, BIKE W-VIN",MOTOR VEHICLE THEFT,"ATTEMPT: CYCLE, SCOOTER, BIKE W-VIN",0.2
NARCOTICS | POSSESSION: SYNTHETIC MARIJUANA,NARCOTICS,POSSESSION: SYNTHETIC MARIJUANA,0.5
PROSTITUTION | PANDERING,PROSTITUTION,PANDERING,1.0
GAMBLING | GAME/CARDS,GAMBLING,GAME/CARDS,0.2
OFFENSE INVOLVING CHILDREN | CONTRIBUTE CRIM DELINQUENCY JUVENILE,OFFENSE INVOLVING CHILDREN,CONTRIBUTE CRIM DELINQUENCY JUVENILE,1.0
LIQUOR LAW VIOLATION | MINOR MISREPRESENT AGE,LIQUOR LAW VIOLATION,MINOR MISREPRESENT AGE,1.0
SEX OFFENSE | MARRYING A BIGAMIST,SEX OFFENSE,MARRYING A BIGAMIST,0.2
ASSAULT | AGG PRO.EMP: OTHER DANG WEAPON,ASSAULT,AGG PRO.EMP: OTHER DANG WEAPON,1.0
BATTERY | AGGRAVATED PO: KNIFE/CUT INSTR,BATTERY,AGGRAVATED PO: KNIFE/CUT INSTR,1.0
NARCOTICS | MANU/DELIVER:HEROIN(BLACK TAR),NARCOTICS,MANU/DELIVER:HEROIN(BLACK TAR),1.0
ASSAULT | AGGRAVATED PO:KNIFE/CUT INSTR,ASSAULT,AGGRAVATED PO:KNIFE/CUT INSTR,1.0
GAMBLING | ILLEGAL ILL LOTTERY,GAMBLING,ILLEGAL ILL LOTTERY,0.2
SEX OFFENSE | ATT AGG CRIM SEXUAL ABUSE,SEX OFFENSE,ATT AGG CRIM SEXUAL ABUSE,1.0
ARSON | BY EXPLOSIVE,ARSON,BY EXPLOSIVE,1.0
HUMAN TRAFFICKING | COMMERCIAL SEX ACTS,HUMAN TRAFFICKING,COMMERCIAL SEX ACTS,1.0
OTHER OFFENSE | GUN OFFENDER: ANNUAL REGISTRATION,OTHER OFFENSE,GUN OFFENDER: ANNUAL REGISTRATION,1.0
PUBLIC PEACE VIOLATION | ARMED VIOLENCE,PUBLIC PEACE VIOLATION,ARMED VIOLENCE,0.5
PROSTITUTION | JUVENILE PIMPING,PROSTITUTION,JUVENILE PIMPING,1.0
OTHER OFFENSE | ARSONIST: FAIL TO REGISTER NEW ADDRESS,OTHER OFFENSE,ARSONIST: FAIL TO REGISTER NEW ADDRESS,1.0
DECEPTIVE PRACTICE | AGGRAVATED COMPUTER TAMPERING,DECEPTIVE PRACTICE,AGGRAVATED COMPUTER TAMPERING,0.2
SEX OFFENSE | NON-CONSENSUAL DISSEMINATION PRIVATE SEXUAL IMAGES,SEX OFFENSE,NON-CONSENSUAL DISSEMINATION PRIVATE SEXUAL IMAGES,0.2
GAMBLING | BOOKMAKING/HORSES,GAMBLING,BOOKMAKING/HORSES,0.2
INTERFERENCE WITH PUBLIC OFFICER | OBSTRUCTING SERVICE,INTERFERENCE WITH PUBLIC OFFICER,OBSTRUCTING SERVICE,1.0
OTHER OFFENSE | GUN OFFENDER: DUTY TO REPORT CHANGE OF INFORMATION,OTHER OFFENSE,GUN OFFENDER: DUTY TO REPORT CHANGE OF INFORMATION,1.0
PUBLIC PEACE VIOLATION | PUBLIC DEMONSTRATION,PUBLIC PEACE VIOLATION,PUBLIC DEMONSTRATION,0.5
PUBLIC INDECENCY | LICENSED PREMISE,PUBLIC INDECENCY,LICENSED PREMISE,0.5
WEAPONS VIOLATION | DEFACE IDENT MARKS OF FIREARM,WEAPONS VIOLATION,DEFACE IDENT MARKS OF FIREARM,0.5
HUMAN TRAFFICKING | INVOLUNTARY SERVITUDE,HUMAN TRAFFICKING,INVOLUNTARY SERVITUDE,1.0
BATTERY | AGG PRO EMP HANDS SERIOUS INJ,BATTERY,AGG PRO EMP HANDS SERIOUS INJ,1.0
OTHER OFFENSE | HAZARDOUS MATERIALS VIOLATION,OTHER OFFENSE,HAZARDOUS MATERIALS VIOLATION,0.2
BATTERY | AGGRAVATED OF A UNBORN CHILD,BATTERY,AGGRAVATED OF A UNBORN CHILD,1.0
OTHER OFFENSE | VIOLENT OFFENDER: DUTY TO REGISTER,OTHER OFFENSE,VIOLENT OFFENDER: DUTY TO REGISTER,0.2
ASSAULT | AGG PRO.EMP:KNIFE/CUTTING INST,ASSAULT,AGG PRO.EMP:KNIFE/CUTTING INST,1.0
ASSAULT | AGGRAVATED PO: OTHER FIREARM,ASSAULT,AGGRAVATED PO: OTHER FIREARM,1.0
CONCEALED CARRY LICENSE VIOLATION | OTHER,CONCEALED CARRY LICENSE VIOLATION,OTHER,0.5
BATTERY | AGGRAVATED DOMESTIC BATTERY: HANDGUN,BATTERY,AGGRAVATED DOMESTIC BATTERY: HANDGUN,0.5
HOMICIDE | RECKLESS HOMICIDE,HOMICIDE,RECKLESS HOMICIDE,1.0
OTHER OFFENSE | VIOLATION GPS MONITORING DEVICE,OTHER OFFENSE,VIOLATION GPS MONITORING DEVICE,0.2
OTHER OFFENSE | ABUSE/NEGLECT: CARE FACILITY,OTHER OFFENSE,ABUSE/NEGLECT: CARE FACILITY,0.2
OFFENSE INVOLVING CHILDREN | POS: PORNOGRAPHIC PRINT,OFFENSE INVOLVING CHILDREN,POS: PORNOGRAPHIC PRINT,1.0
OTHER OFFENSE | VIOLENT OFFENDER: FAIL TO REGISTER NEW ADDRESS,OTHER OFFENSE,VIOLENT OFFENDER: FAIL TO REGISTER NEW ADDRESS,0.2
KIDNAPPING | FORCIBLE DETENTION,KIDNAPPING,FORCIBLE DETENTION,1.0
OTHER OFFENSE | BOARD PLANE WITH WEAPON,OTHER OFFENSE,BOARD PLANE WITH WEAPON,0.2
PROSTITUTION | PATRONIZE JUVENILE PROSTITUTE,PROSTITUTION,PATRONIZE JUVENILE PROSTITUTE,1.0
CONCEALED CARRY LICENSE VIOLATION | ARMED WHILE UNDER THE INFLUENCE,CONCEALED CARRY LICENSE VIOLATION,ARMED WHILE UNDER THE INFLUENCE,1.0
BATTERY | OF UNBORN CHILD,BATTERY,OF UNBORN CHILD,0.5
ARSON | POS: EXPLOSIVE/INCENDIARY DEV,ARSON,POS: EXPLOSIVE/INCENDIARY DEV,1.0
CRIM SEXUAL ASSAULT | ATTEMPT AGG: HANDGUN,CRIM SEXUAL ASSAULT,ATTEMPT AGG: HANDGUN,1.0
"MOTOR VEHICLE THEFT | CYCLE, SCOOTER, BIKE NO VIN",MOTOR VEHICLE THEFT,"CYCLE, SCOOTER, BIKE NO VIN",0.2
NARCOTICS | CONT SUBS:FAIL TO MAINT RECORD,NARCOTICS,CONT SUBS:FAIL TO MAINT RECORD,0.5
CRIM SEXUAL ASSAULT | ATTEMPT AGG: KNIFE/CUT INSTR,CRIM SEXUAL ASSAULT,ATTEMPT AGG: KNIFE/CUT INSTR,1.0
CRIMINAL DAMAGE | LIBRARY VANDALISM,CRIMINAL DAMAGE,LIBRARY VANDALISM,0.2
ASSAULT | AGG PRO.EMP: OTHER FIREARM,ASSAULT,AGG PRO.EMP: OTHER FIREARM,1.0
PUBLIC PEACE VIOLATION | SELL/ADVERTISE FIREWORKS,PUBLIC PEACE VIOLATION,SELL/ADVERTISE FIREWORKS,0.5
NON-CRIMINAL | CONCEALED CARRY LICENSE REVOCATION,NON-CRIMINAL,CONCEALED CARRY LICENSE REVOCATION,0.2
OTHER OFFENSE | OTHER ARSON/EXPLOSIVE INCIDENT,OTHER OFFENSE,OTHER ARSON/EXPLOSIVE INCIDENT,1.0
STALKING | AGGRAVATED,STALKING,AGGRAVATED,1.0
BATTERY | AGG PRO.EMP: HANDGUN,BATTERY,AGG PRO.EMP: HANDGUN,1.0
INTERFERENCE WITH PUBLIC OFFICER | AIDING ARRESTEE ESCAPE,INTERFERENCE WITH PUBLIC OFFICER,AIDING ARRESTEE ESCAPE,0.2
OTHER OFFENSE | VIOLATION OF SMOKING BAN,OTHER OFFENSE,VIOLATION OF SMOKING BAN,0.2
NON-CRIMINAL | NOTIFICATION OF STALKING - NO CONTACT ORDER,NON-CRIMINAL,NOTIFICATION OF STALKING - NO CONTACT ORDER,0.2
OTHER OFFENSE | INTERFERE W/ HIGHER EDUCATION,OTHER OFFENSE,INTERFERE W/ HIGHER EDUCATION,0.2
CRIM SEXUAL ASSAULT | ATTEMPT AGG: OTHER DANG WEAPON,CRIM SEXUAL ASSAULT,ATTEMPT AGG: OTHER DANG WEAPON,1.0
BATTERY | AGG PRO.EMP: OTHER FIREARM,BATTERY,AGG PRO.EMP: OTHER FIREARM,1.0
NARCOTICS | POSS: LOOK-ALIKE DRUGS,NARCOTICS,POSS: LOOK-ALIKE DRUGS,0.5
OFFENSE INVOLVING CHILDREN | SALE TOBACCO PRODUCTS TO MINOR,OFFENSE INVOLVING CHILDREN,SALE TOBACCO PRODUCTS TO MINOR,1.0
OTHER OFFENSE | VIOLATION OF SUMMARY CLOSURE,OTHER OFFENSE,VIOLATION OF SUMMARY CLOSURE,0.2
CRIM SEXUAL ASSAULT | AGGRAVATED: OTHER FIREARM,CRIM SEXUAL ASSAULT,AGGRAVATED: OTHER FIREARM,1.0
INTIMIDATION | EDUCATIONAL INTIMIDAITON,INTIMIDATION,EDUCATIONAL INTIMIDAITON,0.5
NARCOTICS | DELIVER CANNABIS TO PERSON <18,NARCOTICS,DELIVER CANNABIS TO PERSON <18,1.0
NON-CRIMINAL (SUBJECT SPECIFIED) | NOTIFICATION OF CIVIL NO CONTACT ORDER,NON-CRIMINAL (SUBJECT SPECIFIED),NOTIFICATION OF CIVIL NO CONTACT ORDER,1.0
OTHER OFFENSE | ARSONIST: ANNUAL REGISTRATION,OTHER OFFENSE,ARSONIST: ANNUAL REGISTRATION,1.0
ARSON | POS: CHEMICAL/DRY-ICE DEVICE,ARSON,POS: CHEMICAL/DRY-ICE DEVICE,1.0
THEFT | THEFT RETAIL,THEFT,THEFT RETAIL,0.2
INTERFERENCE WITH PUBLIC OFFICER | CONCEALING/AIDING A FUGITIVE,INTERFERENCE WITH PUBLIC OFFICER,CONCEALING/AIDING A FUGITIVE,0.2
WEAPONS VIOLATION | UNLAWFUL SALE/DELIVERY OF FIREARM AT SCHOOL,WEAPONS VIOLATION,UNLAWFUL SALE/DELIVERY OF FIREARM AT SCHOOL,1.0
NON-CRIMINAL | FOUND PASSPORT,NON-CRIMINAL,FOUND PASSPORT,0.2
NARCOTICS | FAIL REGISTER LIC:CONT SUBS,NARCOTICS,FAIL REGISTER LIC:CONT SUBS,0.5
DECEPTIVE PRACTICE | POSS. KEYS OR DEV.TO COIN MACH,DECEPTIVE PRACTICE,POSS. KEYS OR DEV.TO COIN MACH,0.2
INTERFERENCE WITH PUBLIC OFFICER | REFUSING TO AID AN OFFICER,INTERFERENCE WITH PUBLIC OFFICER,REFUSING TO AID AN OFFICER,0.2
CRIM SEXUAL ASSAULT | ATTEMPT AGG: OTHER FIREARM,CRIM SEXUAL ASSAULT,ATTEMPT AGG: OTHER FIREARM,1.0
INTERFERENCE WITH PUBLIC OFFICER | CONTRABAND IN PRISON,INTERFERENCE WITH PUBLIC OFFICER,CONTRABAND IN PRISON,0.2
PROSTITUTION | CAB OPERATION,PROSTITUTION,CAB OPERATION,1.0
OTHER OFFENSE | ARSONIST: DUTY TO REGISTER,OTHER OFFENSE,ARSONIST: DUTY TO REGISTER,1.0
BATTERY | AGGRAVATED PO: OTHER FIREARM,BATTERY,AGGRAVATED PO: OTHER FIREARM,1.0
NON-CRIMINAL | GUN OFFENDER NOTIFICATION-NO CONTACT,NON-CRIMINAL,GUN OFFENDER NOTIFICATION-NO CONTACT,0.2
INTIMIDATION | INTIMIDATION OF LAW ENFORCEMENT OFFICIAL,INTIMIDATION,INTIMIDATION OF LAW ENFORCEMENT OFFICIAL,0.5
DECEPTIVE PRACTICE | ALTER COINS,DECEPTIVE PRACTICE,ALTER COINS,0.2
WEAPONS VIOLATION | USE OF METAL PIERCING BULLETS,WEAPONS VIOLATION,USE OF METAL PIERCING BULLETS,1.0
OTHER OFFENSE | UNLAWFUL USE OF BODY ARMOR,OTHER OFFENSE,UNLAWFUL USE OF BODY ARMOR,0.2
INTIMIDATION | COMPELLING CONFESSION,INTIMIDATION,COMPELLING CONFESSION,0.5
GAMBLING | LOTTERY/OTHER,GAMBLING,LOTTERY/OTHER,0.2
GAMBLING | WIREROOM/SPORTS,GAMBLING,WIREROOM/SPORTS,0.2
WEAPONS VIOLATION | REGISTER OF SALES BY DEALER,WEAPONS VIOLATION,REGISTER OF SALES BY DEALER,1.0
PUBLIC PEACE VIOLATION | LOOTING,PUBLIC PEACE VIOLATION,LOOTING,0.5
THEFT | OVER $300,THEFT,OVER $300,0.2
GAMBLING | VIOL CHARITABLE GAME ACT,GAMBLING,VIOL CHARITABLE GAME ACT,0.2
LIQUOR LAW VIOLATION | EMPLOY MINOR,LIQUOR LAW VIOLATION,EMPLOY MINOR,1.0
GAMBLING | POLICY/OTHER,GAMBLING,POLICY/OTHER,0.2
THEFT | $300 AND UNDER,THEFT,$300 AND UNDER,0.2
GAMBLING | BOLITA OR BOLI PUL/WRITER,GAMBLING,BOLITA OR BOLI PUL/WRITER,0.2
GAMBLING | BOLITA OR BOLI PUL/RUNNER,GAMBLING,BOLITA OR BOLI PUL/RUNNER,0.2
GAMBLING | LOTTERY/PARLAY CARDS,GAMBLING,LOTTERY/PARLAY CARDS,0.2
SEX OFFENSE | ADULTRY,SEX OFFENSE,ADULTRY,0.2
GAMBLING | BOLITA OR BOLI PUL/OFFICE,GAMBLING,BOLITA OR BOLI PUL/OFFICE,0.2
HOMICIDE | INVOLUNTARY MANSLAUGHTER,HOMICIDE,INVOLUNTARY MANSLAUGHTER,1.0
NARCOTICS | CALCULATED CANNABIS CONSPIRACY,NARCOTICS,CALCULATED CANNABIS CONSPIRACY,1.0
GAMBLING | SPORTS TAMPERING,GAMBLING,SPORTS TAMPERING,0.2
GAMBLING | NATIONAL LOTTERY,GAMBLING,NATIONAL LOTTERY,0.2
GAMBLING | REGISTER FED GAMBLING STAMP,GAMBLING,REGISTER FED GAMBLING STAMP,0.2
PROSTITUTION | KEEP PLACE OF JUV PROSTITUTION,PROSTITUTION,KEEP PLACE OF JUV PROSTITUTION,1.0
"MOTOR VEHICLE THEFT | ATTEMPT: CYCLE, SCOOTER, BIKE NO VIN",MOTOR VEHICLE THEFT,"ATTEMPT: CYCLE, SCOOTER, BIKE NO VIN",0.2
OTHER OFFENSE | DISCLOSE DV VICTIM LOCATION,OTHER OFFENSE,DISCLOSE DV VICTIM LOCATION,0.2
